Name;Dob;Street;Postcode;City;Designation
jane doe;2026. 05. 07.;asd street 4;4321;asd village;assistant
jimmy doe;2020. 01. 30.;dssad street 1;4321;city wasd;randomspecialty
name;2026. 05. 29.;address;7777;citycity;hitman
name;2010. 01. 28.;asd;123;asd;asd
asdname;2026. 06. 05.;asdstreet;5516;asdcittty;specialty
navvvv;2026. 06. 05.;malom 3;5001;bcsaba;afk
nak;2000. 04. 03.;add;9000;goku;ki control
palast;2000. 07. 05.;address2;5013;szeghalom;specialty
inputname;2026. 06. 05.;inputaddress;1234;inputcity;inputdesignation
